{"cameraMode":{"drawMode":0,"name":"Shaded","section":"Shading Mode"},"sceneLighting":true,"audioPlay":false,"sceneViewState":{"m_AlwaysRefresh":false,"showFog":true,"showSkybox":true,"showFlares":true,"showImageEffects":true,"showParticleSystems":true,"showVisualEffectGraphs":true,"m_FxEnabled":true},"in2DMode":false,"pivot":{"x":-1.3269407749176026,"y":2.2907559871673586,"z":0.7119781970977783},"rotation":{"x":-0.2225334793329239,"y":-0.2968553304672241,"z":0.07042686641216278,"w":-0.9263315200805664},"size":7.9933600425720219,"orthographic":false}