{"cameraMode":{"drawMode":0,"name":"Shaded","section":"Shading Mode"},"sceneLighting":true,"audioPlay":false,"sceneViewState":{"m_AlwaysRefresh":false,"showFog":true,"showSkybox":true,"showFlares":true,"showImageEffects":true,"showParticleSystems":true,"showVisualEffectGraphs":true,"m_FxEnabled":true},"in2DMode":false,"pivot":{"x":13.665239334106446,"y":-5.943206787109375,"z":27.927297592163087},"rotation":{"x":0.2563581168651581,"y":0.29834631085395815,"z":-0.08353380858898163,"w":0.9155946373939514},"size":35.55040740966797,"orthographic":false}