{"cameraMode":{"drawMode":0,"name":"Shaded","section":"Shading Mode"},"sceneLighting":true,"audioPlay":false,"sceneViewState":{"m_AlwaysRefresh":false,"showFog":true,"showSkybox":true,"showFlares":true,"showImageEffects":true,"showParticleSystems":true,"showVisualEffectGraphs":true,"m_FxEnabled":true},"in2DMode":false,"pivot":{"x":-0.24550671875476838,"y":-0.030688341706991197,"z":-0.005394096486270428},"rotation":{"x":0.04091823846101761,"y":0.9165879487991333,"z":-0.09732571989297867,"w":0.38623419404029848},"size":17.126203536987306,"orthographic":false}