{"cameraMode":{"drawMode":0,"name":"Shaded","section":"Shading Mode"},"sceneLighting":true,"audioPlay":false,"sceneViewState":{"m_AlwaysRefresh":false,"showFog":true,"showSkybox":true,"showFlares":true,"showImageEffects":true,"showParticleSystems":true,"showVisualEffectGraphs":true,"m_FxEnabled":true},"in2DMode":false,"pivot":{"x":0.9105049967765808,"y":0.17487037181854249,"z":-0.36853131651878359},"rotation":{"x":-0.1715686023235321,"y":-0.10279669612646103,"z":0.017337298020720483,"w":-0.9799743890762329},"size":12.089672088623047,"orthographic":false}