{"cameraMode":{"drawMode":0,"name":"Shaded","section":"Shading Mode"},"sceneLighting":true,"audioPlay":false,"sceneViewState":{"m_AlwaysRefresh":false,"showFog":true,"showSkybox":true,"showFlares":true,"showImageEffects":true,"showParticleSystems":true,"showVisualEffectGraphs":true,"m_FxEnabled":true},"in2DMode":false,"pivot":{"x":-6.4377827644348148,"y":0.9409486651420593,"z":45.030670166015628},"rotation":{"x":0.004830145742744207,"y":-0.956876814365387,"z":0.29050132632255556,"w":0.01595127210021019},"size":2.9346280097961427,"orthographic":false}